id,open_issues,has_stars_data,is_private,is_open_sauced_member,created_at,login,updated_at,deleted_at
17699027,1,true,false,true,2022-08-06T20:20:35.791774+00:00,NicolaCorvo90,2022-08-06T20:20:35.791774+00:00,
71881414,1,true,false,true,2022-08-09T18:35:00.192877+00:00,TemitopeAgbaje,2022-08-09T18:35:00.192877+00:00,
14126525,4,true,false,true,2022-06-16T17:00:51.934714+00:00,hasanhakkaev,2022-06-16T17:00:51.934714+00:00,
22186029,0,true,true,true,2022-05-16T06:28:43.660068+00:00,BenjaminMichaelis,2022-05-16T06:28:43.660068+00:00,
16826624,1,true,false,true,2022-07-28T14:31:49.592656+00:00,hokagedemehin,2022-07-28T14:31:49.592656+00:00,
66239105,0,true,false,true,2022-05-16T10:23:11.978102+00:00,Amoghtech,2022-05-16T10:23:11.978102+00:00,
75252387,1,true,false,true,2022-08-10T19:56:46.147244+00:00,Ze-Austin,2022-08-10T19:56:46.147244+00:00,
59672242,2,true,false,true,2022-08-15T15:34:35.560028+00:00,ignatiusobiorah,2022-08-15T15:34:35.560028+00:00,
91070792,1,true,false,true,2022-08-16T16:20:13.347031+00:00,livlevi,2022-08-16T16:20:13.347031+00:00,
27247160,1,true,false,true,2022-08-13T15:55:31.935095+00:00,JacobMGEvans,2022-08-13T15:55:31.935095+00:00,
15233,1,true,false,true,2022-05-16T04:41:13.389907+00:00,hammer,2022-05-16T04:41:13.389907+00:00,
83277146,1,true,false,true,2022-05-16T06:01:43.402219+00:00,ashwth,2022-05-16T06:01:43.402219+00:00,
61968168,1,true,false,true,2022-08-19T13:25:24.145694+00:00,tega-ag,2022-08-19T13:25:24.145694+00:00,
30659198,1,true,false,true,2022-08-10T03:41:28.649159+00:00,ddsuhaimi,2022-08-10T03:41:28.649159+00:00,
108594159,0,true,false,true,2022-08-11T17:26:23.176612+00:00,mynameissaraah,2022-08-11T17:26:23.176612+00:00,
49480381,1,true,false,true,2022-08-10T03:41:27.279462+00:00,dpkreativ,2022-08-10T03:41:27.279462+00:00,
72922139,0,true,false,true,2022-08-19T23:38:58.568004+00:00,50-Course,2022-08-19T23:38:58.568004+00:00,
3335181,2,true,false,true,2022-08-18T18:04:33.19488+00:00,JoshuaKGoldberg,2022-08-18T18:04:33.19488+00:00,
93688482,0,true,false,true,2022-08-18T00:01:21.635104+00:00,eseosa22,2022-08-18T00:01:21.635104+00:00,
69505350,1,true,false,true,2022-08-13T06:25:36.065519+00:00,Oluwatemmy,2022-08-13T06:25:36.065519+00:00,
2480219,0,true,false,true,2022-05-16T07:33:54.421184+00:00,eriber,2022-05-16T07:33:54.421184+00:00,
3957722,4,true,false,true,2022-07-11T03:10:08.213733+00:00,renjujv,2022-07-11T03:10:08.213733+00:00,
40502796,3,true,false,true,2022-07-26T12:17:37.999824+00:00,cameronldroberts,2022-07-26T12:17:37.999824+00:00,
6933928,3,true,false,true,2022-08-10T20:52:08.29155+00:00,AgentEnder,2022-08-10T20:52:08.29155+00:00,
105131148,0,true,false,true,2022-08-15T22:53:47.433479+00:00,Derinsola125,2022-08-15T22:53:47.433479+00:00,
52914487,3,true,false,true,2022-08-10T09:58:22.628939+00:00,hussamkhatib,2022-08-10T09:58:22.628939+00:00,
10158187,0,true,false,true,2022-08-07T21:40:58.521062+00:00,rapidfire09,2022-08-07T21:40:58.521062+00:00,
64662324,0,true,false,true,2022-05-16T12:10:03.603967+00:00,techn0gichida2,2022-05-16T12:10:03.603967+00:00,
71362054,6,true,false,true,2022-06-06T18:20:15.142387+00:00,daniellemadry,2022-06-06T18:20:15.142387+00:00,
32095327,0,true,false,true,2022-08-18T06:59:37.139485+00:00,NjengaFelix,2022-08-18T06:59:37.139485+00:00,
47711025,4,true,false,true,2022-05-16T11:08:18.931416+00:00,nobalpha,2022-05-16T11:08:18.931416+00:00,
83243717,0,true,false,true,2022-08-13T20:32:56.642446+00:00,Birdie13-stack,2022-08-13T20:32:56.642446+00:00,
102984033,1,true,false,true,2022-05-16T04:56:48.618861+00:00,PlayingTheHero,2022-05-16T04:56:48.618861+00:00,
5660355,3,true,false,true,2022-08-19T15:30:00.434747+00:00,rpurser47,2022-08-19T15:30:00.434747+00:00,
86518235,1,true,false,true,2022-08-19T00:54:35.368673+00:00,cutlets14,2022-08-19T00:54:35.368673+00:00,
104672273,0,true,false,true,2022-08-16T21:43:52.581588+00:00,Jazzy-Julius,2022-08-16T21:43:52.581588+00:00,
3777549,2,true,false,true,2022-05-16T15:23:40.172714+00:00,alotoftype,2022-05-16T15:23:40.172714+00:00,
8037469,1,true,false,true,2022-05-16T11:34:56.322833+00:00,waxidiotic,2022-05-16T11:34:56.322833+00:00,
9154918,2,true,false,true,2022-08-05T02:22:41.312384+00:00,aebibtech,2022-08-05T02:22:41.312384+00:00,
76926119,1,true,false,true,2022-08-05T17:21:02.66269+00:00,FeljxFeljx,2022-08-05T17:21:02.66269+00:00,
100371690,1,true,false,true,2022-07-18T22:56:26.777185+00:00,CMCSWEENE,2022-07-18T22:56:26.777185+00:00,
20666190,1,true,false,true,2022-06-07T16:47:57.933353+00:00,AndreaGriffiths11,2022-06-07T16:47:57.933353+00:00,
47026269,6,true,false,true,2022-08-07T08:37:10.25453+00:00,AlexNti,2022-08-07T08:37:10.25453+00:00,
74235313,1,true,false,true,2022-08-10T22:02:23.352615+00:00,Boye95,2022-08-10T22:02:23.352615+00:00,
92822432,0,true,false,true,2022-08-15T23:38:53.58499+00:00,Teslimxcv,2022-08-15T23:38:53.58499+00:00,
31360475,1,true,false,true,2022-08-10T10:46:39.630483+00:00,sunday4me,2022-08-10T10:46:39.630483+00:00,
94331754,1,true,false,true,2022-08-12T11:35:59.282309+00:00,Christiano112,2022-08-12T11:35:59.282309+00:00,
99280209,0,true,false,true,2022-08-12T11:36:00.280378+00:00,Stargnite,2022-08-12T11:36:00.280378+00:00,
60168324,2,true,false,true,2022-08-07T23:01:29.835341+00:00,marisabrantley,2022-08-07T23:01:29.835341+00:00,
81192726,1,true,false,true,2022-08-16T22:38:58.827656+00:00,debisho,2022-08-16T22:38:58.827656+00:00,
23369123,4,true,false,true,2022-08-18T11:18:12.404993+00:00,Tailine,2022-08-18T11:18:12.404993+00:00,
22624429,1,true,false,true,2022-08-19T03:24:56.947713+00:00,SpencerGee,2022-08-19T03:24:56.947713+00:00,
54031531,0,true,false,true,2022-08-19T03:24:57.955712+00:00,erinmikailstaples,2022-08-19T03:24:57.955712+00:00,
83507890,1,true,false,true,2022-06-08T05:11:33.86745+00:00,KushalTanna24,2022-06-08T05:11:33.86745+00:00,
7490938,0,true,false,true,2022-05-28T21:38:56.493594+00:00,kejne,2022-05-28T21:38:56.493594+00:00,
97359730,1,true,false,true,2022-08-06T03:31:25.232125+00:00,jsmith2320,2022-08-06T03:31:25.232125+00:00,
29306872,1,true,false,true,2022-07-31T13:16:47.116958+00:00,pauldolden,2022-07-31T13:16:47.116958+00:00,
60453988,1,true,false,true,2022-06-09T20:42:57.720634+00:00,adrireid,2022-06-09T20:42:57.720634+00:00,
126441,1,true,false,true,2022-07-19T04:48:13.305024+00:00,travi,2022-07-19T04:48:13.305024+00:00,
61943042,0,true,false,true,2022-08-10T23:05:40.466913+00:00,Adelakin-Adewumi,2022-08-10T23:05:40.466913+00:00,
100476364,1,true,false,true,2022-08-10T11:17:24.352216+00:00,Adrasi,2022-08-10T11:17:24.352216+00:00,
57603839,1,true,false,true,2022-08-14T12:20:46.073215+00:00,AdamsGeeky,2022-08-14T12:20:46.073215+00:00,
72113368,1,true,false,true,2022-08-14T12:20:47.128028+00:00,Obafemi-NG,2022-08-14T12:20:47.128028+00:00,
8271635,0,true,false,true,2022-08-16T03:26:49.991442+00:00,aboutthatjazz,2022-08-16T03:26:49.991442+00:00,
33808005,1,true,false,true,2022-08-12T12:37:09.075817+00:00,iamkelv,2022-08-12T12:37:09.075817+00:00,
100608427,1,true,false,true,2022-05-26T19:31:22.481994+00:00,ismayil-hakhveriyev-mox,2022-05-26T19:31:22.481994+00:00,
107480924,1,true,false,true,2022-08-08T12:24:31.796377+00:00,adavadkardhruv13,2022-08-08T12:24:31.796377+00:00,
38852717,1,true,false,true,2022-08-17T08:23:44.387874+00:00,SebastianWebster,2022-08-17T08:23:44.387874+00:00,
90222871,3,true,false,true,2022-06-11T12:22:23.564518+00:00,nhristov,2022-06-11T12:22:23.564518+00:00,
52573981,0,true,false,true,2022-05-16T02:43:22.805132+00:00,mrsantons,2022-05-16T02:43:22.805132+00:00,
1930729,1,true,false,true,2022-05-16T08:39:08.630488+00:00,nersoh,2022-05-16T08:39:08.630488+00:00,
71458737,0,true,false,true,2022-05-16T08:50:31.112851+00:00,sans-eng,2022-05-16T08:50:31.112851+00:00,
1917293,0,true,false,true,2022-05-16T08:50:32.254651+00:00,ronna,2022-05-16T08:50:32.254651+00:00,
42341383,0,true,false,true,2022-05-16T03:09:40.177449+00:00,tiamatu,2022-05-16T03:09:40.177449+00:00,
42660551,0,true,false,true,2022-05-16T00:33:13.223324+00:00,Ramghimirecr7,2022-05-16T00:33:13.223324+00:00,
46192266,2,true,false,true,2022-06-10T13:07:19.622189+00:00,htuerker,2022-06-10T13:07:19.622189+00:00,
1039388,0,true,false,true,2022-05-16T03:27:33.477416+00:00,i001962,2022-05-16T03:27:33.477416+00:00,
3202514,0,true,false,true,2022-05-16T09:37:14.23792+00:00,demilolu,2022-05-16T09:37:14.23792+00:00,
505751,4,true,false,true,2022-05-16T08:14:33.64511+00:00,KengoTODA,2022-05-16T08:14:33.64511+00:00,
88631894,0,true,false,true,2022-05-16T07:51:12.867822+00:00,Aarondevp,2022-05-16T07:51:12.867822+00:00,
43640229,1,true,false,true,2022-05-16T07:59:14.437352+00:00,dharshatharan,2022-05-16T07:59:14.437352+00:00,
35922417,0,true,false,true,2022-07-31T21:35:05.132979+00:00,danish-mehmood,2022-07-31T21:35:05.132979+00:00,
27487712,8,true,false,true,2022-05-16T09:47:28.261192+00:00,mudaliaraditya,2022-05-16T09:47:28.261192+00:00,
19617280,2,true,false,true,2022-05-16T07:59:15.800535+00:00,a-trost,2022-05-16T07:59:15.800535+00:00,
56942462,0,true,false,true,2022-05-16T05:53:11.170511+00:00,ugwustanley,2022-05-16T05:53:11.170511+00:00,
656318,1,true,false,true,2022-05-16T06:45:06.488004+00:00,ramonh,2022-05-16T06:45:06.488004+00:00,
99122608,3,true,false,true,2022-08-01T20:35:13.30911+00:00,DANIELluntras,2022-08-01T20:35:13.30911+00:00,
11067335,0,true,false,true,2022-05-16T07:43:06.849984+00:00,TerrelRJones,2022-05-16T07:43:06.849984+00:00,
347098,9,true,false,true,2022-08-06T05:40:53.509815+00:00,mrded,2022-08-06T05:40:53.509815+00:00,
74208843,0,true,false,true,2022-05-16T08:14:34.901207+00:00,juanramollino,2022-05-16T08:14:34.901207+00:00,
476818,2,true,true,true,2022-05-16T04:56:47.237445+00:00,dwwoelfel,2022-05-16T04:56:47.237445+00:00,
42211,6,true,false,true,2022-05-16T10:36:15.933635+00:00,brandonroberts,2022-05-16T10:36:15.933635+00:00,
52573181,0,true,false,true,2022-05-16T10:36:16.74442+00:00,RabsonJ,2022-05-16T10:36:16.74442+00:00,
3012159,1,true,false,true,2022-05-16T05:23:35.983759+00:00,sieis,2022-05-16T05:23:35.983759+00:00,
7860023,2,true,false,true,2022-05-16T07:09:17.090279+00:00,anis00723,2022-05-16T07:09:17.090279+00:00,
33266556,0,true,false,true,2022-05-16T04:09:07.889448+00:00,honeynegi,2022-05-16T04:09:07.889448+00:00,
289882,1,true,false,true,2022-05-16T08:14:35.734751+00:00,gwincr11,2022-05-16T08:14:35.734751+00:00,
100199494,1,true,false,true,2022-08-17T08:38:02.540391+00:00,Raphael3423,2022-08-17T08:38:02.540391+00:00,
52336027,0,true,false,true,2022-05-16T08:58:31.633207+00:00,mohamedabotir,2022-05-16T08:58:31.633207+00:00,
43477095,0,true,false,true,2022-08-14T13:13:45.994617+00:00,Ceres6,2022-08-14T13:13:45.994617+00:00,
91947169,1,true,false,true,2022-08-12T15:28:24.149905+00:00,Vubere,2022-08-12T15:28:24.149905+00:00,
59902352,1,true,false,true,2022-08-11T02:24:38.497981+00:00,Jamaalwbrown,2022-08-11T02:24:38.497981+00:00,
80793630,3,true,false,true,2022-05-16T10:47:31.415982+00:00,Blazing-Mike,2022-05-16T10:47:31.415982+00:00,
8200073,13,true,false,true,2022-05-16T06:01:40.026067+00:00,salindae25,2022-05-16T06:01:40.026067+00:00,
28269,0,true,false,true,2022-05-16T05:09:45.535677+00:00,coloradobum,2022-05-16T05:09:45.535677+00:00,
91016903,0,true,false,true,2022-05-16T09:08:45.044031+00:00,nayabatir1,2022-05-16T09:08:45.044031+00:00,
87914378,0,true,false,true,2022-05-16T04:09:09.668578+00:00,Y4HYA4,2022-05-16T04:09:09.668578+00:00,
13059091,0,true,false,true,2022-05-16T05:23:34.392757+00:00,ifoi,2022-05-16T05:23:34.392757+00:00,
48335772,0,true,false,true,2022-05-16T04:23:11.392765+00:00,LauraLangdon,2022-05-16T04:23:11.392765+00:00,
57008950,0,true,false,true,2022-05-16T07:43:05.936348+00:00,prasadbobby,2022-05-16T07:43:05.936348+00:00,
11589902,0,true,false,true,2022-05-16T06:28:44.507155+00:00,pac96,2022-05-16T06:28:44.507155+00:00,
66240426,0,true,false,true,2022-08-10T13:54:18.381028+00:00,AbdulrasheedApampa,2022-08-10T13:54:18.381028+00:00,
9968219,0,true,false,true,2022-05-16T09:08:46.587181+00:00,ramazansakin,2022-05-16T09:08:46.587181+00:00,
74566464,0,true,true,true,2022-05-16T06:01:42.00441+00:00,Pandademic,2022-05-16T06:01:42.00441+00:00,
23166349,4,true,false,true,2022-05-16T07:09:19.001698+00:00,ChamMach,2022-05-16T07:09:19.001698+00:00,
81034521,0,true,false,true,2022-05-16T00:33:15.891969+00:00,zeerau,2022-05-16T00:33:15.891969+00:00,
11489171,0,true,false,true,2022-05-16T05:35:45.38561+00:00,asasmith,2022-05-16T05:35:45.38561+00:00,
65788728,2,true,false,true,2022-05-16T00:33:14.714889+00:00,j-dogcoder,2022-05-16T00:33:14.714889+00:00,
13867651,2,true,false,true,2022-05-16T05:45:18.471902+00:00,cescfamadas,2022-05-16T05:45:18.471902+00:00,
77954949,3,true,false,true,2022-08-08T13:29:43.973868+00:00,stephenbalogun,2022-08-08T13:29:43.973868+00:00,
2607477,0,true,false,true,2022-05-16T07:59:17.434159+00:00,cmdaltent,2022-05-16T07:59:17.434159+00:00,
5381468,5,true,false,true,2022-05-16T06:13:17.410571+00:00,tmarwen,2022-05-16T06:13:17.410571+00:00,
12849040,0,true,false,true,2022-05-16T08:39:10.077741+00:00,twjasa,2022-05-16T08:39:10.077741+00:00,
46695719,0,true,false,true,2022-05-16T09:08:48.108542+00:00,Mich45,2022-05-16T09:08:48.108542+00:00,
76665107,1,true,false,true,2022-05-16T06:28:42.542497+00:00,carrollsa,2022-05-16T06:28:42.542497+00:00,
59898438,0,true,false,true,2022-05-16T00:33:17.090793+00:00,JasonStrazisar,2022-05-16T00:33:17.090793+00:00,
1305623,0,true,false,true,2022-05-16T09:21:19.832736+00:00,phucthaidoan,2022-05-16T09:21:19.832736+00:00,
19359944,0,true,false,true,2022-05-16T05:45:19.921522+00:00,Karobwe,2022-05-16T05:45:19.921522+00:00,
26147156,1,true,false,true,2022-08-11T02:24:40.863935+00:00,AdekolaToniloba,2022-08-11T02:24:40.863935+00:00,
4910518,0,true,false,true,2022-05-16T08:24:16.087028+00:00,leftrightleft,2022-05-16T08:24:16.087028+00:00,
3941856,0,true,false,true,2022-05-16T06:45:04.3384+00:00,prophen,2022-05-16T06:45:04.3384+00:00,
26007940,0,true,false,true,2022-05-16T08:24:17.552522+00:00,mikerobards,2022-05-16T08:24:17.552522+00:00,
45293863,0,true,true,true,2022-05-16T07:09:20.57671+00:00,bagatka,2022-05-16T07:09:20.57671+00:00,
4386534,7,true,false,true,2022-05-16T09:37:13.356147+00:00,ilangorajagopal,2022-05-16T09:37:13.356147+00:00,
1645545,4,true,false,true,2022-05-16T07:33:52.694073+00:00,Parijat-K,2022-05-16T07:33:52.694073+00:00,
469997,3,true,false,true,2022-05-16T06:45:05.7058+00:00,sobingt,2022-05-16T06:45:05.7058+00:00,
55883854,4,true,false,true,2022-05-16T04:23:12.634687+00:00,nworiekingslee,2022-05-16T04:23:12.634687+00:00,
12410942,17,true,false,true,2022-05-16T08:24:19.129543+00:00,choznerol,2022-05-16T08:24:19.129543+00:00,
20733994,1,true,false,true,2022-05-16T05:53:09.622543+00:00,HeVictor,2022-05-16T05:53:09.622543+00:00,
1205776,1,true,false,true,2022-07-27T19:20:49.724818+00:00,mhuggins7278,2022-07-27T19:20:49.724818+00:00,
105481227,1,true,false,true,2022-08-10T13:54:19.384704+00:00,HoodGenie,2022-08-10T13:54:19.384704+00:00,
101365565,0,true,false,true,2022-05-16T05:09:44.147237+00:00,1ynmuldrow,2022-05-16T05:09:44.147237+00:00,
65249694,0,true,false,true,2022-05-16T09:58:47.424083+00:00,xiyiwang,2022-05-16T09:58:47.424083+00:00,
10951893,2,true,false,true,2022-05-16T07:22:13.871769+00:00,jramirez857,2022-05-16T07:22:13.871769+00:00,
60147716,0,true,false,true,2022-05-16T05:45:17.221889+00:00,sorbx64,2022-05-16T05:45:17.221889+00:00,
7293310,6,true,false,true,2022-05-16T07:43:05.029603+00:00,saitho,2022-05-16T07:43:05.029603+00:00,
349523,1,true,false,true,2022-05-16T11:26:04.528405+00:00,jwalter,2022-05-16T11:26:04.528405+00:00,
35779241,0,true,false,true,2022-05-16T09:37:11.969497+00:00,rgreen32,2022-05-16T09:37:11.969497+00:00,
30334776,2,true,false,true,2022-05-16T11:14:44.593556+00:00,BolajiAyodeji,2022-05-16T11:14:44.593556+00:00,
37085146,0,true,false,true,2022-05-16T00:33:12.078101+00:00,NinjaAung,2022-05-16T00:33:12.078101+00:00,
17364711,0,true,false,true,2022-05-16T00:32:54.612284+00:00,FunIsDangerous,2022-05-16T00:32:54.612284+00:00,
19475228,1,true,false,true,2022-05-16T21:32:16.87189+00:00,ajoeofalltrades,2022-05-16T21:32:16.87189+00:00,
66284362,0,true,false,true,2022-05-16T05:35:43.690207+00:00,kohasummons,2022-05-16T05:35:43.690207+00:00,
1645628,8,true,false,true,2022-05-20T08:13:26.017836+00:00,mikachan,2022-05-20T08:13:26.017836+00:00,
24606613,0,true,false,true,2022-05-16T06:58:34.770878+00:00,udhaykumarbala,2022-05-16T06:58:34.770878+00:00,
36890230,1,true,false,true,2022-05-16T15:23:41.189013+00:00,JEbertPrime,2022-05-16T15:23:41.189013+00:00,
34839258,0,true,false,true,2022-05-16T02:43:22.231878+00:00,adwinang,2022-05-16T02:43:22.231878+00:00,
71386305,1,true,false,true,2022-05-20T07:52:09.011858+00:00,dileep-reddy-aella,2022-05-20T07:52:09.011858+00:00,
527550,2,true,false,true,2022-05-16T15:56:15.686488+00:00,atzorvas,2022-05-16T15:56:15.686488+00:00,
24553355,2,true,false,true,2022-05-16T07:22:15.519571+00:00,vtcaregorodtcev,2022-05-16T07:22:15.519571+00:00,
22655167,1,true,false,true,2022-05-20T07:52:06.088064+00:00,loiclegoff,2022-05-20T07:52:06.088064+00:00,
15052690,3,true,false,true,2022-05-16T15:23:42.61745+00:00,creaturenex,2022-05-16T15:23:42.61745+00:00,
16315404,1,true,false,true,2022-05-16T15:56:18.937403+00:00,dhuvikamboj,2022-05-16T15:56:18.937403+00:00,
6935431,11,true,false,true,2022-05-16T19:33:05.187648+00:00,zkoppert,2022-05-16T19:33:05.187648+00:00,
4066445,13,true,false,true,2022-05-16T07:33:56.739509+00:00,johnyu0424,2022-05-16T07:33:56.739509+00:00,
49831545,0,true,true,true,2022-05-16T10:23:10.331879+00:00,creeperkafasi,2022-05-16T10:23:10.331879+00:00,
15004099,1,true,false,true,2022-05-20T08:01:22.39659+00:00,chadmcrowell,2022-05-20T08:01:22.39659+00:00,
28281924,1,true,false,true,2022-05-16T15:04:49.752109+00:00,HeavyBR,2022-05-16T15:04:49.752109+00:00,
25194960,1,true,false,true,2022-05-16T15:04:48.376689+00:00,ghgoodreau,2022-05-16T15:04:48.376689+00:00,
59651629,0,true,false,true,2022-05-16T09:21:18.330298+00:00,codertushar,2022-05-16T09:21:18.330298+00:00,
53506936,0,true,false,true,2022-08-08T14:02:06.037238+00:00,Jideotetic,2022-08-08T14:02:06.037238+00:00,
46643864,0,true,false,true,2022-05-16T09:50:42.699067+00:00,Khushi24699,2022-05-16T09:50:42.699067+00:00,
3650761,0,true,false,true,2022-05-16T03:09:41.133995+00:00,dariye,2022-05-16T03:09:41.133995+00:00,
5901851,1,true,false,true,2022-05-16T07:51:11.59179+00:00,jayteealao,2022-05-16T07:51:11.59179+00:00,
57826091,1,true,false,true,2022-05-16T11:50:58.397762+00:00,miralsuthar,2022-05-16T11:50:58.397762+00:00,
37635083,3,true,false,true,2022-05-16T09:50:43.516231+00:00,NsdHSO,2022-05-16T09:50:43.516231+00:00,
111018543,2,true,false,true,2022-08-12T18:32:43.454991+00:00,M16H7Y-QU1NN,2022-08-12T18:32:43.454991+00:00,
47293786,0,true,false,true,2022-05-16T03:44:54.500147+00:00,tahabenammar,2022-05-16T03:44:54.500147+00:00,
79887,0,true,false,true,2022-05-16T08:50:33.07547+00:00,cybernetics,2022-05-16T08:50:33.07547+00:00,
8932275,0,true,false,true,2022-05-16T03:58:19.841219+00:00,moxie99,2022-05-16T03:58:19.841219+00:00,
667716,10,true,false,true,2022-05-16T14:34:24.603609+00:00,diminutivesloop,2022-05-16T14:34:24.603609+00:00,
7222344,0,true,false,true,2022-05-16T05:35:41.545504+00:00,MattPostlethwaite,2022-05-16T05:35:41.545504+00:00,
26586086,2,true,false,true,2022-05-16T10:47:30.599538+00:00,bhantsi,2022-05-16T10:47:30.599538+00:00,
18058884,1,true,false,true,2022-05-16T03:58:18.397463+00:00,anugrahsinghal,2022-05-16T03:58:18.397463+00:00,
9283692,0,true,true,true,2022-05-16T05:23:33.036711+00:00,mpmccauley,2022-05-16T05:23:33.036711+00:00,
31663172,1,true,false,true,2022-05-16T03:44:56.357616+00:00,mariecreel,2022-05-16T03:44:56.357616+00:00,
67718832,0,true,false,true,2022-05-16T09:47:30.034645+00:00,matt-wiley,2022-05-16T09:47:30.034645+00:00,
34903088,0,true,false,true,2022-05-16T10:09:40.904052+00:00,mhmdbhsk,2022-05-16T10:09:40.904052+00:00,
49351279,2,true,false,true,2022-05-16T11:42:51.311437+00:00,gogocharli,2022-05-16T11:42:51.311437+00:00,
6188161,1,true,false,true,2022-05-16T03:27:32.611039+00:00,zacjones93,2022-05-16T03:27:32.611039+00:00,
104824933,0,true,false,true,2022-05-16T00:32:57.159812+00:00,JIFswe,2022-05-16T00:32:57.159812+00:00,
75340837,0,true,false,true,2022-05-16T11:26:02.879638+00:00,TriStanNtn,2022-05-16T11:26:02.879638+00:00,
3792749,11,true,false,true,2022-05-16T14:00:34.172203+00:00,mtfoley,2022-05-16T14:00:34.172203+00:00,
83433840,1,true,false,true,2022-05-16T09:21:16.857898+00:00,abirismyname,2022-05-16T09:21:16.857898+00:00,
61815862,2,true,false,true,2022-05-16T06:58:37.205955+00:00,thebiblelover7,2022-05-16T06:58:37.205955+00:00,
34394719,0,true,false,true,2022-05-16T10:23:11.156757+00:00,MiKr13,2022-05-16T10:23:11.156757+00:00,
11858762,12,true,false,true,2022-05-16T08:58:33.971765+00:00,git-srinivas,2022-05-16T08:58:33.971765+00:00,
16268467,0,true,true,true,2022-05-16T06:58:38.950973+00:00,Wisheechia,2022-05-16T06:58:38.950973+00:00,
85258143,0,true,false,true,2022-05-16T10:54:44.848729+00:00,oscakampala,2022-05-16T10:54:44.848729+00:00,
2339101,0,true,false,true,2022-05-16T07:51:10.352968+00:00,akovalyov,2022-05-16T07:51:10.352968+00:00,
50591491,1,true,false,true,2022-05-16T07:22:17.666944+00:00,cryptus-neoxys,2022-05-16T07:22:17.666944+00:00,
19353972,2,true,false,true,2022-05-16T04:41:12.043674+00:00,TaEduard,2022-05-16T04:41:12.043674+00:00,
25867172,1,true,false,true,2022-05-16T11:14:45.432843+00:00,teezzan,2022-05-16T11:14:45.432843+00:00,
62261622,0,true,false,true,2022-05-16T05:53:12.748342+00:00,sosplush,2022-05-16T05:53:12.748342+00:00,
79736938,0,true,false,true,2022-05-16T04:09:11.045297+00:00,Nyanjuimarvin,2022-05-16T04:09:11.045297+00:00,
25217168,0,true,false,true,2022-05-16T10:54:44.023671+00:00,KakoozaJerry,2022-05-16T10:54:44.023671+00:00,
47524279,1,true,true,true,2022-05-16T04:23:14.108221+00:00,projectashik,2022-05-16T04:23:14.108221+00:00,
83936667,1,true,false,true,2022-08-10T14:13:04.161919+00:00,SleemBee444,2022-08-10T14:13:04.161919+00:00,
26963547,0,true,false,true,2022-05-16T00:32:56.016492+00:00,mklarsen,2022-05-16T00:32:56.016492+00:00,
12780694,0,true,false,true,2022-05-16T04:56:50.035113+00:00,crege2,2022-05-16T04:56:50.035113+00:00,
24352546,0,true,false,true,2022-05-16T09:58:48.987532+00:00,ketsindian,2022-05-16T09:58:48.987532+00:00,
19538219,9,true,false,true,2022-05-16T03:27:34.046184+00:00,sadiejay,2022-05-16T03:27:34.046184+00:00,
72279316,5,true,false,true,2022-05-16T11:50:56.636409+00:00,Samikmalhotra,2022-05-16T11:50:56.636409+00:00,
4247126,1,true,false,true,2022-05-16T11:58:46.862059+00:00,mdb1710,2022-05-16T11:58:46.862059+00:00,
13711044,2,true,false,true,2022-05-16T11:58:48.625351+00:00,unixisking,2022-05-16T11:58:48.625351+00:00,
67359053,1,true,false,true,2022-05-16T12:10:05.449211+00:00,DevenPerkins,2022-05-16T12:10:05.449211+00:00,
14868216,1,true,false,true,2022-05-16T12:27:28.520457+00:00,minachuong,2022-05-16T12:27:28.520457+00:00,
57373172,1,true,false,true,2022-05-16T12:27:29.847327+00:00,PaulKillian,2022-05-16T12:27:29.847327+00:00,
11777161,3,true,false,true,2022-05-16T12:46:35.337849+00:00,chadstewart,2022-05-16T12:46:35.337849+00:00,
908380,4,true,false,true,2022-05-16T12:46:36.712763+00:00,mojo706,2022-05-16T12:46:36.712763+00:00,
6265396,0,true,false,true,2022-05-16T13:52:30.983584+00:00,clarkio,2022-05-16T13:52:30.983584+00:00,
1228996,3,true,false,true,2022-05-16T13:52:31.783958+00:00,MichaelJolley,2022-05-16T13:52:31.783958+00:00,
3450257,1,true,false,true,2022-05-16T14:00:33.191362+00:00,WaKeMaTTa,2022-05-16T14:00:33.191362+00:00,
38725511,1,true,false,true,2022-05-16T14:24:24.742655+00:00,divakar54,2022-05-16T14:24:24.742655+00:00,
51794934,1,true,false,true,2022-05-16T14:51:34.13913+00:00,RubesWorld,2022-05-16T14:51:34.13913+00:00,
1295334,1,true,false,true,2022-05-16T14:51:35.502557+00:00,applesnort,2022-05-16T14:51:35.502557+00:00,
68660520,2,true,false,true,2022-05-20T07:52:07.530472+00:00,code-in-public,2022-05-20T07:52:07.530472+00:00,
25751316,1,true,false,true,2022-05-16T21:32:13.880619+00:00,Tom-Wyszkowski,2022-05-16T21:32:13.880619+00:00,
46935495,1,true,false,true,2022-05-17T21:45:40.745668+00:00,sarthakvarshney8081,2022-05-17T21:45:40.745668+00:00,
3861088,3,true,false,true,2022-05-16T13:52:32.624113+00:00,jonathanyeong,2022-05-16T13:52:32.624113+00:00,
211851,1,true,false,true,2022-05-16T19:33:03.529883+00:00,justjeff,2022-05-16T19:33:03.529883+00:00,
3754311,2,true,false,true,2022-05-20T07:52:10.317346+00:00,lonewolf9277,2022-05-20T07:52:10.317346+00:00,
22620727,1,true,false,true,2022-05-17T21:45:39.427869+00:00,svenkat683,2022-05-17T21:45:39.427869+00:00,
17671332,1,true,false,true,2022-05-16T19:33:04.251504+00:00,CoderDill,2022-05-16T19:33:04.251504+00:00,
2808728,0,true,false,true,2022-05-16T15:04:46.963667+00:00,raychatter,2022-05-16T15:04:46.963667+00:00,
34112620,1,true,false,true,2022-05-16T00:32:53.348652+00:00,rperez2021,2022-05-16T00:32:53.348652+00:00,
69519470,2,true,false,true,2022-05-20T08:01:20.238516+00:00,Kakashi2998,2022-05-20T08:01:20.238516+00:00,
72912813,3,true,false,true,2022-05-20T07:52:04.547937+00:00,earltacs96,2022-05-20T07:52:04.547937+00:00,
10787041,0,true,false,true,2022-05-16T09:58:48.167493+00:00,h4h18,2022-05-16T09:58:48.167493+00:00,
35429278,3,true,false,true,2022-05-20T08:01:21.37572+00:00,enjinerd,2022-05-20T08:01:21.37572+00:00,
3941126,5,true,false,true,2022-05-16T15:56:17.50627+00:00,m-anwr,2022-05-16T15:56:17.50627+00:00,
6241164,1,true,false,true,2022-05-20T08:01:24.764557+00:00,devbyray,2022-05-20T08:01:24.764557+00:00,
53687927,1,true,false,true,2022-05-16T21:32:15.44691+00:00,dwaipayan05,2022-05-16T21:32:15.44691+00:00,
31478648,1,true,false,true,2022-05-17T21:45:38.370199+00:00,adil-Pathan,2022-05-17T21:45:38.370199+00:00,
70440141,1,true,false,true,2022-05-20T08:13:29.428958+00:00,jessiebelle,2022-05-20T08:13:29.428958+00:00,
29295102,1,true,false,true,2022-05-20T09:14:24.454164+00:00,silvasobrinho,2022-05-20T09:14:24.454164+00:00,
67872399,3,true,false,true,2022-05-20T08:52:52.743635+00:00,An-prog-hub,2022-05-20T08:52:52.743635+00:00,
141381,4,true,false,true,2022-05-20T13:25:14.048811+00:00,mauvehed,2022-05-20T13:25:14.048811+00:00,
622115,2,true,false,true,2022-05-20T08:52:54.061045+00:00,LoicB,2022-05-20T08:52:54.061045+00:00,
29888641,16,true,false,true,2022-05-20T08:52:55.416693+00:00,filiptronicek,2022-05-20T08:52:55.416693+00:00,
87912847,0,true,false,true,2022-06-09T12:32:46.79871+00:00,ahmedsaheed,2022-06-09T12:32:46.79871+00:00,
8431042,1,true,false,true,2022-06-02T19:54:59.529622+00:00,maxcell,2022-06-02T19:54:59.529622+00:00,
38838958,1,true,false,true,2022-05-20T08:13:28.310505+00:00,frvs,2022-05-20T08:13:28.310505+00:00,
3846874,3,true,true,true,2022-05-20T08:13:30.807898+00:00,SimonFinney,2022-05-20T08:13:30.807898+00:00,
8792243,1,true,false,true,2022-06-06T08:46:44.280667+00:00,sc250024,2022-06-06T08:46:44.280667+00:00,
26205172,2,true,false,true,2022-05-20T09:02:19.104441+00:00,Alucard17,2022-05-20T09:02:19.104441+00:00,
32903278,1,true,false,true,2022-05-20T08:52:56.547492+00:00,onurbayraktar,2022-05-20T08:52:56.547492+00:00,
2658040,2,true,true,true,2022-05-20T08:42:16.619654+00:00,BaseMax,2022-05-20T08:42:16.619654+00:00,
88112004,0,true,false,true,2022-05-16T03:44:58.140929+00:00,SClay345,2022-05-16T03:44:58.140929+00:00,
7043511,1,true,false,true,2022-06-10T16:29:41.235981+00:00,joshuabezaleel,2022-06-10T16:29:41.235981+00:00,
389670,1,true,false,true,2022-05-31T18:37:41.839824+00:00,simeonoriko,2022-05-31T18:37:41.839824+00:00,
10012151,1,true,true,true,2022-05-20T09:02:19.919829+00:00,joaoapel,2022-05-20T09:02:19.919829+00:00,
16259450,1,true,false,true,2022-05-20T08:01:23.607631+00:00,rob-moore,2022-05-20T08:01:23.607631+00:00,
33148009,9,true,false,true,2022-05-20T08:42:17.704103+00:00,papadavis47,2022-05-20T08:42:17.704103+00:00,
14043845,10,true,false,true,2022-05-20T09:14:26.437678+00:00,jasonericdavis,2022-05-20T09:14:26.437678+00:00,
104161238,1,true,false,true,2022-06-03T17:25:33.608125+00:00,Nawiab,2022-06-03T17:25:33.608125+00:00,
31264248,1,true,false,true,2022-06-10T14:03:20.470532+00:00,AYEREID,2022-06-10T14:03:20.470532+00:00,
203683,0,true,false,true,2022-05-16T09:50:41.915566+00:00,virtualandy,2022-05-16T09:50:41.915566+00:00,
17912134,1,true,false,true,2022-06-05T15:28:14.055076+00:00,Shoetan,2022-06-05T15:28:14.055076+00:00,
40151120,1,true,false,true,2022-06-10T18:22:13.38924+00:00,mustapha3341,2022-06-10T18:22:13.38924+00:00,
7145889,0,true,false,true,2022-05-16T10:09:39.960178+00:00,Boyce-Bellair,2022-05-16T10:09:39.960178+00:00,
58997957,12,true,false,true,2022-06-10T13:53:42.811628+00:00,JoeKarow,2022-06-10T13:53:42.811628+00:00,
2609511,0,true,false,true,2022-05-16T08:58:35.604423+00:00,hackintoshrao,2022-05-16T08:58:35.604423+00:00,
5580297,1,true,false,true,2022-06-10T14:15:15.992077+00:00,tannerlinsley,2022-06-10T14:15:15.992077+00:00,
61464726,1,true,false,true,2022-06-03T05:14:10.345229+00:00,melsorrells23,2022-06-03T05:14:10.345229+00:00,
78520194,5,true,false,true,2022-05-16T10:09:39.03949+00:00,Elixer3000,2022-05-16T10:09:39.03949+00:00,
2198466,5,true,false,true,2022-06-03T12:42:44.048622+00:00,kblok,2022-06-03T12:42:44.048622+00:00,
29648040,1,true,false,true,2022-05-16T11:34:55.499587+00:00,iamtheozzy,2022-05-16T11:34:55.499587+00:00,
32243043,1,true,false,true,2022-06-02T09:36:28.952734+00:00,ahzia,2022-06-02T09:36:28.952734+00:00,
3012311,2,true,false,true,2022-05-31T16:45:13.679145+00:00,vordimous,2022-05-31T16:45:13.679145+00:00,
58482194,4,true,false,true,2022-05-16T11:14:46.253043+00:00,Borrus-sudo,2022-05-16T11:14:46.253043+00:00,
39362365,0,true,false,true,2022-05-16T10:36:14.975648+00:00,huntertrammell,2022-05-16T10:36:14.975648+00:00,
66696421,1,true,false,true,2022-05-16T10:47:32.280099+00:00,cozyCodr,2022-05-16T10:47:32.280099+00:00,
17413306,0,true,false,true,2022-05-16T04:41:10.459881+00:00,babually,2022-05-16T04:41:10.459881+00:00,
20134767,1,true,false,true,2022-05-24T02:23:42.761744+00:00,notBdougie,2022-05-24T02:23:42.761744+00:00,
54808964,1,true,false,true,2022-06-06T03:49:17.261137+00:00,bnnthang,2022-06-06T03:49:17.261137+00:00,
40822355,2,true,false,true,2022-05-31T16:10:11.065779+00:00,suuus,2022-05-31T16:10:11.065779+00:00,
13490604,3,true,false,true,2022-05-16T14:34:22.600173+00:00,xmbhasin,2022-05-16T14:34:22.600173+00:00,
1431853,0,true,false,true,2022-05-16T11:42:50.309636+00:00,mbchoa,2022-05-16T11:42:50.309636+00:00,
57305940,0,true,false,true,2022-05-16T11:26:06.090408+00:00,mgcarbonell,2022-05-16T11:26:06.090408+00:00,
12782646,4,true,false,true,2022-05-16T03:58:21.266495+00:00,lcy101u,2022-05-16T03:58:21.266495+00:00,
72141037,1,true,false,true,2022-06-08T15:54:01.31972+00:00,prajapatiomkar,2022-06-08T15:54:01.31972+00:00,
12435007,4,true,false,true,2022-06-08T07:42:51.991478+00:00,DerekCrosson,2022-06-08T07:42:51.991478+00:00,
62525482,0,true,false,true,2022-05-24T15:13:37.648678+00:00,davidenders11,2022-05-24T15:13:37.648678+00:00,
42749147,0,true,false,true,2022-05-16T10:54:45.768326+00:00,akobepeter,2022-05-16T10:54:45.768326+00:00,
237133,17,true,false,true,2022-05-16T11:34:54.194659+00:00,0-vortex,2022-05-16T11:34:54.194659+00:00,
25469482,1,true,true,true,2022-05-31T16:10:12.416604+00:00,nbeck415,2022-05-31T16:10:12.416604+00:00,
6486256,5,true,false,true,2022-06-02T21:40:44.788089+00:00,crazy4pi314,2022-06-02T21:40:44.788089+00:00,
1492007,2,true,false,true,2022-06-07T16:00:56.431258+00:00,Vad1mo,2022-06-07T16:00:56.431258+00:00,
46828701,0,true,false,true,2022-05-16T14:34:26.440245+00:00,idanceinbetween,2022-05-16T14:34:26.440245+00:00,
2712201,1,true,false,true,2022-05-23T17:40:45.02106+00:00,mpskeeter,2022-05-23T17:40:45.02106+00:00,
569510,6,true,false,true,2022-05-16T11:42:52.321312+00:00,henrik-ch,2022-05-16T11:42:52.321312+00:00,
5842360,1,true,false,true,2022-05-16T11:50:54.958045+00:00,haffmaestro,2022-05-16T11:50:54.958045+00:00,
29484849,0,true,false,true,2022-05-16T00:32:51.894086+00:00,Lamiiine,2022-05-16T00:32:51.894086+00:00,
22154417,1,true,false,true,2022-05-16T11:58:47.687041+00:00,SamuelWitke,2022-05-16T11:58:47.687041+00:00,
48449428,4,true,false,true,2022-05-16T12:10:01.753136+00:00,iamjr15,2022-05-16T12:10:01.753136+00:00,
118037,8,true,false,true,2022-05-16T12:27:31.161184+00:00,djsnipa1,2022-05-16T12:27:31.161184+00:00,
3340406,1,true,false,true,2022-05-16T12:46:33.964352+00:00,fundor333,2022-05-16T12:46:33.964352+00:00,
24217493,2,true,false,true,2022-05-16T14:00:32.183406+00:00,Jussii,2022-05-16T14:00:32.183406+00:00,
54776315,2,true,false,true,2022-05-16T14:24:22.562603+00:00,HipyCas,2022-05-16T14:24:22.562603+00:00,
29547465,6,true,false,true,2022-05-16T14:24:23.397973+00:00,camopy,2022-05-16T14:24:23.397973+00:00,
4838867,0,true,false,true,2022-05-16T14:51:32.62+00:00,microjumper,2022-05-16T14:51:32.62+00:00,
79809121,9,true,false,true,2022-05-28T13:34:21.537197+00:00,TAKANOME-DEV,2022-05-28T13:34:21.537197+00:00,
4573607,1,true,false,true,2022-05-20T08:52:57.609711+00:00,lorenanicole,2022-05-20T08:52:57.609711+00:00,
42392347,8,true,false,true,2022-05-20T08:29:47.56677+00:00,ColomboJuan,2022-05-20T08:29:47.56677+00:00,
12400445,1,true,false,true,2022-05-20T08:42:14.090631+00:00,AvantSekai,2022-05-20T08:42:14.090631+00:00,
15172054,3,true,true,true,2022-05-28T23:01:49.044498+00:00,benjamin-antupit,2022-05-28T23:01:49.044498+00:00,
37118134,1,true,false,true,2022-06-03T02:44:51.428191+00:00,saintmalik,2022-06-03T02:44:51.428191+00:00,
5467696,2,true,false,true,2022-05-20T09:02:18.153717+00:00,fwoelffel,2022-05-20T09:02:18.153717+00:00,
4199845,6,true,false,true,2022-05-20T09:14:25.520532+00:00,Wachiwi,2022-05-20T09:14:25.520532+00:00,
19890779,3,true,false,true,2022-06-10T19:46:29.951169+00:00,mattkeeler,2022-06-10T19:46:29.951169+00:00,
61131314,2,true,false,true,2022-05-20T08:29:46.568235+00:00,Mogakamo,2022-05-20T08:29:46.568235+00:00,
16787295,1,true,false,true,2022-06-01T03:33:10.812607+00:00,acrobertson,2022-06-01T03:33:10.812607+00:00,
55907631,1,true,false,true,2022-05-20T08:42:15.041397+00:00,yasht01,2022-05-20T08:42:15.041397+00:00,
2677072,4,true,false,true,2022-06-02T20:58:08.338989+00:00,Belco90,2022-06-02T20:58:08.338989+00:00,
59939260,1,true,false,true,2022-05-20T08:29:48.563965+00:00,MattMarquise,2022-05-20T08:29:48.563965+00:00,
9696352,2,true,false,true,2022-05-20T08:29:45.102136+00:00,cometkim,2022-05-20T08:29:45.102136+00:00,
13966404,19,true,false,true,2022-06-11T04:31:00.063819+00:00,seonghyeonkimm,2022-06-11T04:31:00.063819+00:00,
85348050,8,true,false,true,2022-07-16T08:47:25.882903+00:00,AssassinK786,2022-07-16T08:47:25.882903+00:00,
19350071,1,true,false,true,2022-05-20T09:02:16.263111+00:00,atosh502,2022-05-20T09:02:16.263111+00:00,
39051202,1,true,false,true,2022-05-31T10:26:03.874734+00:00,vaibhsir1991,2022-05-31T10:26:03.874734+00:00,
40713709,1,true,false,true,2022-05-20T08:29:43.633838+00:00,sk1122,2022-05-20T08:29:43.633838+00:00,
3037127,6,true,false,true,2022-05-20T09:02:17.183406+00:00,cpretzer,2022-05-20T09:02:17.183406+00:00,
17712401,3,true,false,true,2022-06-07T18:29:40.964647+00:00,lucalves,2022-06-07T18:29:40.964647+00:00,
5713670,15,true,false,true,2022-05-20T09:14:27.556372+00:00,bdougie,2022-05-20T09:14:27.556372+00:00,
3597738,0,true,false,true,2022-05-19T17:57:58.946724+00:00,AdamasFR,2022-05-19T17:57:58.946724+00:00,
60850993,1,true,false,true,2022-05-20T08:13:27.132881+00:00,vinosamari,2022-05-20T08:13:27.132881+00:00,
6658807,7,true,false,true,2022-06-04T15:47:08.562202+00:00,derneuere,2022-06-04T15:47:08.562202+00:00,
907680,5,true,false,true,2022-05-20T08:42:16.02188+00:00,deenadayalancs,2022-05-20T08:42:16.02188+00:00,
8064235,0,true,false,true,2022-07-03T01:30:42.634042+00:00,Fube,2022-07-03T01:30:42.634042+00:00,
43038575,1,true,false,true,2022-06-22T03:18:15.475319+00:00,ZacharySeebeck2020,2022-06-22T03:18:15.475319+00:00,
26422273,2,true,false,true,2022-06-07T23:25:41.850877+00:00,pan-alex,2022-06-07T23:25:41.850877+00:00,
4552395,0,true,false,true,2022-06-10T16:00:59.587838+00:00,umangmathur92,2022-06-10T16:00:59.587838+00:00,
3898642,6,true,true,true,2022-06-27T08:47:02.957779+00:00,TianZong48,2022-06-27T08:47:02.957779+00:00,
89362919,1,true,false,true,2022-06-11T16:36:37.001793+00:00,ThnksCJ,2022-06-11T16:36:37.001793+00:00,
8808086,1,true,false,true,2022-06-10T14:36:31.757+00:00,savkaoleg,2022-06-10T14:36:31.757+00:00,
4038174,6,true,false,true,2022-06-11T16:36:35.29466+00:00,incognitojam,2022-06-11T16:36:35.29466+00:00,
32559031,0,true,false,true,2022-06-15T10:14:59.393131+00:00,michellbrito,2022-06-15T10:14:59.393131+00:00,
60254117,0,true,false,true,2022-05-16T11:08:16.888048+00:00,jebitok-dev,2022-05-16T11:08:16.888048+00:00,
82994425,1,true,false,true,2022-06-22T18:44:44.722527+00:00,WadieBenabdouh,2022-06-22T18:44:44.722527+00:00,
35191127,1,true,false,true,2022-05-29T05:49:31.431812+00:00,sureshvazrala,2022-05-29T05:49:31.431812+00:00,
49374657,0,true,false,true,2022-06-30T07:29:56.234944+00:00,Zakichanu,2022-06-30T07:29:56.234944+00:00,
5463680,3,true,false,true,2022-07-10T16:23:08.133212+00:00,quicujo,2022-07-10T16:23:08.133212+00:00,
45409975,3,true,false,true,2022-06-10T14:03:21.649449+00:00,perkinsjr,2022-06-10T14:03:21.649449+00:00,
34313413,4,true,false,true,2022-07-01T15:01:22.23681+00:00,BekahHW,2022-07-01T15:01:22.23681+00:00,
106832813,1,true,false,true,2022-06-03T18:29:43.014592+00:00,adrian-sh0,2022-06-03T18:29:43.014592+00:00,
78784850,0,true,false,true,2022-06-05T04:32:30.176658+00:00,Dun-sin,2022-06-05T04:32:30.176658+00:00,
20217125,0,true,false,true,2022-06-03T16:30:24.160835+00:00,sonithch,2022-06-03T16:30:24.160835+00:00,
1389894,4,true,false,true,2022-05-31T19:31:07.002564+00:00,warrenbuckley,2022-05-31T19:31:07.002564+00:00,
35054601,1,true,false,true,2022-06-01T05:21:41.096723+00:00,kudoabhijeet,2022-06-01T05:21:41.096723+00:00,
98709555,1,true,false,true,2022-07-17T21:49:38.412869+00:00,jusjones2284,2022-07-17T21:49:38.412869+00:00,
7349341,3,true,false,true,2022-05-29T17:47:10.782873+00:00,joe-bell,2022-05-29T17:47:10.782873+00:00,
2003804,2,true,false,true,2022-06-02T04:47:52.49996+00:00,whawker,2022-06-02T04:47:52.49996+00:00,
2754163,1,true,false,true,2022-05-29T13:28:53.513321+00:00,MrLeebo,2022-05-29T13:28:53.513321+00:00,
40757918,3,true,false,true,2022-05-30T10:49:00.71281+00:00,docrob0t,2022-05-30T10:49:00.71281+00:00,
41201924,2,true,false,true,2022-07-19T06:21:59.303658+00:00,aviramha,2022-07-19T06:21:59.303658+00:00,
55068936,2,true,true,true,2022-05-28T14:47:04.734244+00:00,Siddhant-K-code,2022-05-28T14:47:04.734244+00:00,
103691815,0,true,false,true,2022-05-22T20:31:55.673341+00:00,TheTestTestington,2022-05-22T20:31:55.673341+00:00,
2601974,2,true,false,true,2022-05-24T06:59:24.825818+00:00,geekygirlsarah,2022-05-24T06:59:24.825818+00:00,
44750827,1,true,false,true,2022-06-10T20:05:16.890408+00:00,Everkers,2022-06-10T20:05:16.890408+00:00,
12461397,9,true,false,true,2022-05-31T08:29:14.429347+00:00,thsnyzkn,2022-05-31T08:29:14.429347+00:00,
15602986,7,true,false,true,2022-06-15T17:30:29.614905+00:00,vishjain,2022-06-15T17:30:29.614905+00:00,
6499373,0,true,false,true,2022-05-16T06:13:19.1782+00:00,yasir2000,2022-05-16T06:13:19.1782+00:00,
66667958,2,true,false,true,2022-08-11T11:52:16.657319+00:00,jhhornn,2022-08-11T11:52:16.657319+00:00,
85189857,1,true,false,true,2022-07-18T11:53:07.749155+00:00,code-with-onye,2022-07-18T11:53:07.749155+00:00,
13369991,0,true,false,true,2022-05-22T00:20:16.768573+00:00,rdt712,2022-05-22T00:20:16.768573+00:00,
55982424,1,true,false,true,2022-05-16T09:47:29.084998+00:00,mukeshgurpude,2022-05-16T09:47:29.084998+00:00,
1795,5,true,false,true,2022-07-20T10:29:13.658255+00:00,jakobo,2022-07-20T10:29:13.658255+00:00,
108130680,0,true,false,true,2022-06-24T11:56:40.340896+00:00,VinayShreeramaiah,2022-06-24T11:56:40.340896+00:00,
74768405,2,true,false,true,2022-06-10T20:29:31.679771+00:00,vanderFlierFilip,2022-06-10T20:29:31.679771+00:00,
20974749,1,true,false,true,2022-06-24T01:55:46.726589+00:00,mikethemelanson,2022-06-24T01:55:46.726589+00:00,
36790617,0,true,false,true,2022-06-19T03:45:28.977712+00:00,thnhtus,2022-06-19T03:45:28.977712+00:00,
7990807,1,true,false,true,2022-06-10T16:29:40.375305+00:00,olaysco,2022-06-10T16:29:40.375305+00:00,
1245615,2,true,false,true,2022-06-16T13:40:16.372801+00:00,neuromusic,2022-06-16T13:40:16.372801+00:00,
76204863,0,true,false,true,2022-06-12T14:22:38.9409+00:00,rahulkarda,2022-06-12T14:22:38.9409+00:00,
20727421,0,true,false,true,2022-05-16T08:39:11.42517+00:00,ryan3738,2022-05-16T08:39:11.42517+00:00,
10396286,2,true,false,true,2022-06-13T15:31:35.734595+00:00,pnbrown,2022-06-13T15:31:35.734595+00:00,
16942870,7,true,false,true,2022-05-16T11:08:17.989778+00:00,ThomasErhel,2022-05-16T11:08:17.989778+00:00,
18557802,1,true,false,true,2022-06-11T09:37:41.776432+00:00,Ahmed-Elswerky,2022-06-11T09:37:41.776432+00:00,
80591403,1,true,false,true,2022-06-19T09:00:32.749103+00:00,TheyCallMeCheng,2022-06-19T09:00:32.749103+00:00,
10560321,1,true,false,true,2022-06-10T13:53:43.697727+00:00,RakshithNM,2022-06-10T13:53:43.697727+00:00,
20221408,6,true,false,true,2022-06-18T00:56:54.533231+00:00,STRRL,2022-06-18T00:56:54.533231+00:00,
68086185,4,true,false,true,2022-06-10T03:02:07.861795+00:00,bkager,2022-06-10T03:02:07.861795+00:00,
54788134,3,true,false,true,2022-07-02T03:52:26.165826+00:00,Clue355,2022-07-02T03:52:26.165826+00:00,
3941006,1,true,false,true,2022-06-10T15:04:22.938309+00:00,bmeverett,2022-06-10T15:04:22.938309+00:00,
24238507,2,true,false,true,2022-06-07T23:53:04.344614+00:00,ryanasalt,2022-06-07T23:53:04.344614+00:00,
37368987,3,true,false,true,2022-06-05T08:55:38.903902+00:00,Elia-Darwish,2022-06-05T08:55:38.903902+00:00,
67465104,1,true,false,true,2022-06-04T14:05:45.851534+00:00,mzoyinda,2022-06-04T14:05:45.851534+00:00,
7406822,1,true,false,true,2022-06-11T16:36:40.175338+00:00,davwheat,2022-06-11T16:36:40.175338+00:00,
14762772,1,true,false,true,2022-06-15T21:24:38.637508+00:00,leon-wolf,2022-06-15T21:24:38.637508+00:00,
79850072,0,true,false,true,2022-07-03T21:46:52.214553+00:00,AlexDeveloperUwU,2022-07-03T21:46:52.214553+00:00,
76396335,4,true,false,true,2022-06-18T12:40:42.238036+00:00,arth2002,2022-06-18T12:40:42.238036+00:00,
56571489,1,true,false,true,2022-06-07T20:35:51.720154+00:00,huangdi791226,2022-06-07T20:35:51.720154+00:00,
51415616,5,true,false,true,2022-07-29T15:52:09.445188+00:00,SNikhill,2022-07-29T15:52:09.445188+00:00,
1551031,4,true,false,true,2022-07-19T16:44:21.073635+00:00,thegillis,2022-07-19T16:44:21.073635+00:00,
95355656,1,true,false,true,2022-07-12T08:40:38.487571+00:00,jay-tau,2022-07-12T08:40:38.487571+00:00,
35736525,0,true,false,true,2022-07-07T02:13:57.17978+00:00,lyqht,2022-07-07T02:13:57.17978+00:00,
8643036,1,true,false,true,2022-07-05T17:46:10.218605+00:00,WinterCore,2022-07-05T17:46:10.218605+00:00,
1415873,2,true,false,true,2022-07-23T13:51:23.00453+00:00,FDelporte,2022-07-23T13:51:23.00453+00:00,
6735115,1,true,false,true,2022-07-23T15:12:06.339903+00:00,arylatt,2022-07-23T15:12:06.339903+00:00,
25034,3,true,false,true,2022-07-27T23:07:14.502858+00:00,mariocesar,2022-07-27T23:07:14.502858+00:00,
3977903,2,true,false,true,2022-06-11T03:50:20.223224+00:00,ralphiz,2022-06-11T03:50:20.223224+00:00,
10395817,2,true,false,true,2022-07-07T07:15:11.953391+00:00,liyasthomas,2022-07-07T07:15:11.953391+00:00,
5056251,6,true,false,true,2022-07-01T21:26:03.9586+00:00,beardage,2022-07-01T21:26:03.9586+00:00,
8222059,0,true,false,true,2022-07-27T17:37:07.761769+00:00,rubiin,2022-07-27T17:37:07.761769+00:00,
58410019,1,true,false,true,2022-07-03T15:52:38.725266+00:00,AlphaHot,2022-07-03T15:52:38.725266+00:00,
62794161,1,true,true,true,2022-07-17T15:20:00.939366+00:00,lhhuman,2022-07-17T15:20:00.939366+00:00,
42097653,0,true,false,true,2022-06-11T21:26:16.071022+00:00,someshfengde,2022-06-11T21:26:16.071022+00:00,
45172775,0,true,false,true,2022-07-27T17:37:08.703547+00:00,adiati98,2022-07-27T17:37:08.703547+00:00,
5111856,0,true,false,true,2022-06-12T04:24:19.089066+00:00,xfoxawy,2022-06-12T04:24:19.089066+00:00,
90490253,0,true,false,true,2022-06-28T18:44:58.272734+00:00,aroramrinaal,2022-06-28T18:44:58.272734+00:00,
99875329,0,true,false,true,2022-06-20T23:01:24.440262+00:00,Sherelle-S,2022-06-20T23:01:24.440262+00:00,
106763134,0,true,false,true,2022-08-04T19:52:51.06335+00:00,jakebitz,2022-08-04T19:52:51.06335+00:00,
46659975,0,true,false,true,2022-06-11T04:44:00.676352+00:00,kvcarido,2022-06-11T04:44:00.676352+00:00,
59500999,1,true,false,true,2022-06-21T14:01:05.683226+00:00,sum1275,2022-06-21T14:01:05.683226+00:00,
44528202,2,true,false,true,2022-08-03T05:33:56.323362+00:00,Aditya-Gupta1,2022-08-03T05:33:56.323362+00:00,
101464991,1,true,false,true,2022-07-27T15:53:35.864255+00:00,pixelsbyeryc,2022-07-27T15:53:35.864255+00:00,
30007828,1,true,false,true,2022-07-26T04:25:09.08284+00:00,Ryankolsen,2022-07-26T04:25:09.08284+00:00,
83649458,1,true,false,true,2022-06-12T13:19:49.259434+00:00,nialabrette,2022-06-12T13:19:49.259434+00:00,
491368,1,true,false,true,2022-07-14T14:11:38.984123+00:00,pplanel,2022-07-14T14:11:38.984123+00:00,
14912729,2,true,false,true,2022-07-22T07:40:07.966383+00:00,Skn0tt,2022-07-22T07:40:07.966383+00:00,
55091982,1,true,false,true,2022-07-16T07:22:05.193497+00:00,Raynor-X,2022-07-16T07:22:05.193497+00:00,
799360,2,true,false,true,2022-06-10T13:24:43.840723+00:00,brob,2022-06-10T13:24:43.840723+00:00,
577424,1,true,false,true,2022-05-16T03:09:39.3077+00:00,matthewdeanmartin,2022-05-16T03:09:39.3077+00:00,
54046179,1,true,false,true,2022-07-22T18:59:06.561526+00:00,Cerchie,2022-07-22T18:59:06.561526+00:00,
54102389,0,true,false,true,2022-07-07T00:23:07.587478+00:00,yhoungdev,2022-07-07T00:23:07.587478+00:00,
76237868,1,true,false,true,2022-07-08T11:27:20.240451+00:00,ajaygitt,2022-07-08T11:27:20.240451+00:00,
7590870,0,true,false,true,2022-08-03T03:32:07.332938+00:00,LTY526,2022-08-03T03:32:07.332938+00:00,
1682188,28,true,false,true,2022-07-22T14:21:41.378153+00:00,ctoffanin,2022-07-22T14:21:41.378153+00:00,
19923295,1,true,false,true,2022-07-08T19:16:29.407426+00:00,jiayike,2022-07-08T19:16:29.407426+00:00,
45469,1,true,false,true,2022-07-05T19:52:23.703536+00:00,ljharb,2022-07-05T19:52:23.703536+00:00,
68414911,1,true,false,true,2022-07-06T05:24:36.322897+00:00,mdirshaddev,2022-07-06T05:24:36.322897+00:00,
22246286,1,true,false,true,2022-07-05T14:36:45.613084+00:00,aida-martinez,2022-07-05T14:36:45.613084+00:00,
33803374,1,true,false,true,2022-06-25T19:24:27.455787+00:00,ChrisGibe,2022-06-25T19:24:27.455787+00:00,
9616739,1,true,false,true,2022-07-02T03:52:25.150602+00:00,Lckythr33,2022-07-02T03:52:25.150602+00:00,
2041385,4,true,false,true,2022-08-03T14:42:58.889394+00:00,kitten,2022-08-03T14:42:58.889394+00:00,
88614410,1,true,false,true,2022-07-28T11:09:54.995386+00:00,nurbekdev,2022-07-28T11:09:54.995386+00:00,
80476005,1,true,false,true,2022-07-18T18:51:13.192976+00:00,ricci2511,2022-07-18T18:51:13.192976+00:00,
17125876,6,true,false,true,2022-08-03T13:49:07.771861+00:00,JoviDeCroock,2022-08-03T13:49:07.771861+00:00,
59971574,1,true,false,true,2022-06-29T05:32:03.063685+00:00,Abkt2001,2022-06-29T05:32:03.063685+00:00,
12637253,1,true,false,true,2022-06-27T23:53:18.61854+00:00,thisbailiwick,2022-06-27T23:53:18.61854+00:00,
3979735,4,true,false,true,2022-06-27T22:43:18.812471+00:00,colbywhite,2022-06-27T22:43:18.812471+00:00,
17050237,3,true,false,true,2022-06-27T19:16:16.877071+00:00,diegorramos84,2022-06-27T19:16:16.877071+00:00,
21364023,1,true,false,true,2022-06-27T14:15:28.503492+00:00,fatonarifi,2022-06-27T14:15:28.503492+00:00,
39627458,1,true,false,true,2022-06-23T07:12:10.146094+00:00,Olaism,2022-06-23T07:12:10.146094+00:00,
9039234,2,true,false,true,2022-06-26T22:39:24.237047+00:00,KrisMannino,2022-06-26T22:39:24.237047+00:00,
62059002,2,true,false,true,2022-07-21T19:43:01.622404+00:00,Ruth-ikegah,2022-07-21T19:43:01.622404+00:00,
79598596,3,true,false,true,2022-07-14T12:05:53.779409+00:00,90N45-d3v,2022-07-14T12:05:53.779409+00:00,
2501,0,true,false,true,2022-07-14T12:05:55.080792+00:00,kdaigle,2022-07-14T12:05:55.080792+00:00,
95306716,1,true,false,true,2022-07-13T03:49:17.326562+00:00,DeonFranklin,2022-07-13T03:49:17.326562+00:00,
33223727,5,true,false,true,2022-07-12T13:49:29.475984+00:00,Selko2013,2022-07-12T13:49:29.475984+00:00,
31725457,2,true,false,true,2022-07-12T09:53:53.654286+00:00,JoshuaPoddoku,2022-07-12T09:53:53.654286+00:00,
11527621,2,true,false,true,2022-06-28T20:42:50.151348+00:00,EstebanDalelR,2022-06-28T20:42:50.151348+00:00,
362261,1,true,false,true,2022-08-02T02:41:58.659595+00:00,chriswburke,2022-08-02T02:41:58.659595+00:00,
20276785,3,true,false,true,2022-07-24T22:53:45.599885+00:00,rcmtcristian,2022-07-24T22:53:45.599885+00:00,
28111283,1,true,false,true,2022-07-30T12:58:22.918572+00:00,falcon-Z,2022-07-30T12:58:22.918572+00:00,
107218838,0,true,false,true,2022-08-03T03:32:06.432952+00:00,Koethan,2022-08-03T03:32:06.432952+00:00,
18492770,2,true,false,true,2022-06-11T17:22:54.069356+00:00,Sami64,2022-06-11T17:22:54.069356+00:00,
93059018,2,true,false,true,2022-08-01T23:59:35.591903+00:00,Funkycodes,2022-08-01T23:59:35.591903+00:00,
76804824,1,true,false,true,2022-07-25T10:41:28.962264+00:00,chiragtatva,2022-07-25T10:41:28.962264+00:00,
9834051,1,true,false,true,2022-07-31T01:30:38.379399+00:00,Shinku443,2022-07-31T01:30:38.379399+00:00,
73789849,1,true,false,true,2022-06-22T18:55:24.785419+00:00,haleyjung,2022-06-22T18:55:24.785419+00:00,
13385801,0,true,false,true,2022-07-28T00:51:19.469332+00:00,cynthiateeters,2022-07-28T00:51:19.469332+00:00,
68105273,6,true,false,true,2022-06-21T14:53:43.659457+00:00,KhushP786,2022-06-21T14:53:43.659457+00:00,
75282221,1,true,false,true,2022-06-16T08:41:51.048805+00:00,Duck-the-dev,2022-06-16T08:41:51.048805+00:00,
6044920,3,true,false,true,2022-06-28T18:00:19.525457+00:00,olearycrew,2022-06-28T18:00:19.525457+00:00,
13868653,0,true,false,true,2022-06-22T19:17:20.32997+00:00,gissilali,2022-06-22T19:17:20.32997+00:00,
55763604,5,true,false,true,2022-06-21T14:25:43.791473+00:00,Dark-Knight11,2022-06-21T14:25:43.791473+00:00,
31012661,3,true,false,true,2022-06-19T12:54:20.450979+00:00,rcasia,2022-06-19T12:54:20.450979+00:00,
2555182,2,true,false,true,2022-07-18T19:39:50.267623+00:00,theednaffattack,2022-07-18T19:39:50.267623+00:00,
15822772,1,true,false,true,2022-06-21T03:11:49.70471+00:00,notmarkmiranda,2022-06-21T03:11:49.70471+00:00,
102608325,3,true,false,true,2022-06-28T18:28:37.902439+00:00,alex-colvin,2022-06-28T18:28:37.902439+00:00,
76765293,1,true,false,true,2022-06-11T16:36:38.622271+00:00,AnuragRoy485,2022-06-11T16:36:38.622271+00:00,
12566381,3,true,false,true,2022-08-06T17:42:59.260446+00:00,BenWLeon,2022-08-06T17:42:59.260446+00:00,
37847523,2,true,false,true,2022-06-28T18:00:20.634498+00:00,bdsqqq,2022-06-28T18:00:20.634498+00:00,
7938258,1,true,false,true,2022-06-25T22:00:47.963865+00:00,TsatsuAmable,2022-06-25T22:00:47.963865+00:00,
67071462,0,true,false,true,2022-06-23T15:23:33.515443+00:00,kumar-kalyan,2022-06-23T15:23:33.515443+00:00,
19453294,2,true,false,true,2022-06-23T05:30:05.262221+00:00,techieeliot,2022-06-23T05:30:05.262221+00:00,
72051159,2,true,false,true,2022-07-29T07:27:36.724992+00:00,favourite1975,2022-07-29T07:27:36.724992+00:00,
51391611,2,true,false,true,2022-07-27T18:08:36.820576+00:00,coffeedome,2022-07-27T18:08:36.820576+00:00,
54487532,1,true,false,true,2022-08-01T20:35:10.554252+00:00,bossoncode,2022-08-01T20:35:10.554252+00:00,
39260684,2,true,false,true,2022-07-29T07:54:40.364389+00:00,ajitsinghkaler,2022-07-29T07:54:40.364389+00:00,
66260270,0,true,false,true,2022-08-09T14:07:10.81397+00:00,Priscilla-B,2022-08-09T14:07:10.81397+00:00,
39962391,1,true,false,true,2022-08-10T18:59:19.215509+00:00,amansingh1999,2022-08-10T18:59:19.215509+00:00,
11030551,0,true,false,true,2022-05-16T05:09:43.427882+00:00,DavidMerenyi,2022-05-16T05:09:43.427882+00:00,
